changed_oracle_queries,family,max_client_payload_bytes,max_logical_state_bytes,mean_client_payload_bytes,mean_end_to_end_application_bytes,mean_source_bytes,mean_source_messages,median_client_payload_bytes,median_logical_state_bytes,min_client_payload_bytes,p95_client_payload_bytes,policy,queries,records,summary_file,total_source_bytes,total_source_messages
,continuation_main,598,60078,457.63109954456735,811.472589844391,353.84149029982365,1.8606701940035273,477.0,57141.0,43,560,continuation_certificate,4536,3074,results/continuation-summary.json,1605025,8440
,continuation_main,571,18237,429.51479674796747,2506.4012605927646,2076.886463844797,5.851851851851852,447,18037.0,40,533,cut_aware_cache,4536,3075,results/continuation-summary.json,9420757,26544
,continuation_main,531,1735030,369.9477351916376,1099.0570826343185,729.1093474426808,1.4426807760141094,405.0,1735030.0,11,488,full_coordinator_mirror,4536,574,results/continuation-summary.json,3307240,6544
,continuation_main,571,,429.51382113821137,2586.6877629371534,2157.173941798942,6.070546737213404,447,,40,533,exact_delta_overlay,4536,3075,results/continuation-summary.json,9784941,27536
,continuation_main,496,,367.091743119266,367.091743119266,0.0,0.0,405.0,,43,496,unsafe_stale,4536,218,results/continuation-summary.json,0,0
10,real_history,620,145912,461.9064748201439,861.9751022711243,400.0686274509804,1.0294117647058822,486,,43,549,continuation_certificate,408,417,results/real-history-summary.json,163228,420
10,real_history,594,75176,436.08153477218224,1450.625652419241,1014.5441176470588,2.6666666666666665,459,,43,522,cut_aware_cache,408,417,results/real-history-summary.json,413934,1088
10,real_history,596,,437.4066985645933,2631.0194436626325,2193.6127450980393,6.0,460.5,,43,523,exact_delta_overlay,408,418,results/real-history-summary.json,894994,2448
10,real_history,556,,363.961038961039,363.961038961039,0.0,0.0,418,,11,483,unsafe_stale,408,77,results/real-history-summary.json,0,0
